george = George Kandalaft <gkandalaft@sdis91.fr>
olivier = Olivier Regnault <oregnault@sdis91.fr>
steve = Steve Savy <ssavy@sdis91.fr>
tawfik = Taoufik Messaoud <tmessaoud@sdis91.fr>
